634,3,66,117,39,42,26,71,64,40
634,4,87,64,80,2,88,91,106,54
634,5,70,48,62,32,6,29,15,105
634,6,45,121,118,43,120,29,109,10
634,7,24,21,119,66,82,98,52,5
634,8,39,10,43,26,135,70,109,117
634,9,0,32,116,97,108,129,69,60
634,10,115,77,133,21,40,45,89,24
634,11,104,49,111,121,58,112,72,135
634,12,95,56,119,84,7,24,48,93
634,13,6,15,38,30,134,33,122,78
634,14,3,138,85,57,47,100,40,108
634,15,38,89,65,87,1,133,46,102
634,16,112,40,125,82,84,91,110,133
634,17,25,34,93,138,85,128,129,12
634,18,122,100,34,69,140,81,115,36
634,19,12,21,42,34,33,22,73,142
634,20,73,31,37,64,79,135,1,39
634,21,91,63,39,132,27,42,122,117
634,22,41,142,59,109,98,78,43,34
634,23,6,3,70,60,4,18,69,74
634,24,28,16,104,56,140,27,103,13
634,25,66,139,60,141,107,91,6,10
634,26,79,21,141,37,44,15,36,13
634,27,46,135,31,138,14,63,82,5
634,28,91,64,51,76,112,18,85,73
634,29,51,111,125,77,65,6,32,128
634,30,99,13,52,86,70,4,3,76
634,31,80,64,77,39,24,19,51,78
634,32,3,112,92,39,138,36,27,110
634,33,98,67,34,121,38,55,68,19
634,34,20,92,38,42,23,125,136,47
634,35,70,120,60,127,12,72,80,65
634,36,108,97,128,79,76,138,29,9
634,37,99,81,72,40,114,75,127,135
634,38,33,108,100,42,120,54,68,106
634,39,73,46,4,102,84,2,119,53
634,40,90,24,137,29,17,122,26,79
634,41,51,67,142,2,66,58,108,54
634,42,21,47,30,7,120,32,96,110
634,43,83,63,10,91,108,132,28,101
634,44,57,45,81,86,83,135,0,17
635,3,132,131,42,39,49,66,26,93
635,4,45,58,36,17,96,20,73,100
635,5,7,101,100,96,104,118,8,30
635,6,91,7,25,73,142,118,84,74
635,7,77,71,122,69,24,66,53,106
635,8,130,123,137,110,25,43,60,56
635,9,20,0,113,36,116,86,111,42
635,10,50,58,128,107,133,134,10,18
635,11,25,49,104,121,10,112,45,46
635,12,7,56,95,79,42,119,84,93
635,13,63,6,30,134,116,139,70,1
635,14,119,47,85,138,30,57,100,108
635,15,100,142,65,89,71,91,131,101
635,16,125,112,63,45,7,57,82,91
635,17,12,141,43,6,92,44,128,80
635,18,122,59,23,100,60,140,44,12
635,19,15,34,42,22,12,21,84,33
635,20,110,73,86,64,59,32,5,2
635,21,42,134,19,91,141,17,39,27
635,22,28,43,41,59,138,78,104,107
635,23,63,23,3,120,101,59,6,74
635,24,101,32,16,44,140,13,114,84
635,25,66,139,91,119,19,60,113,10
635,26,3,79,110,22,15,44,70,37
635,27,65,135,46,31,114,20,27,138
635,28,117,20,86,64,91,85,99,112
635,29,43,125,38,80,29,100,65,24
635,30,126,52,99,9,56,86,3,70
635,31,74,90,39,88,80,19,51,109
635,32,60,112,25,138,36,3,62,120
635,33,142,121,67,73,30,38,14,112
635,34,38,20,92,70,42,25,136,34
635,35,102,76,70,65,80,72,120,58
635,36,106,97,108,138,92,128,16,29
635,37,81,33,135,9,8,96,99,114
635,38,32,140,54,109,100,42,108,74
635,39,73,84,24,86,53,63,4,136
635,40,24,94,2,135,55,78,122,79
635,41,33,50,54,42,18,61,67,109
635,42,44,107,8,143,113,136,21,47
635,43,34,9,42,93,54,56,10,90
635,44,114,9,104,64,24,16,68,143
636,3,107,70,51,78,121,55,73,74
636,4,134,70,78,30,12,52,95,20
636,5,50,34,89,7,104,44,12,64
636,6,142,4,107,75,89,70,95,92
636,7,42,139,82,124,103,53,71,66
636,8,86,65,35,53,70,34,55,60
636,9,28,78,123,17,108,11,75,16
636,10,10,121,2,50,33,24,40,83
636,11,121,49,33,35,88,11,112,1
636,12,19,65,42,70,93,119,58,102
636,13,59,124,16,84,41,62,34,63
636,14,52,53,90,32,63,117,76,137
636,15,24,19,142,14,101,40,75,89
636,16,22,13,30,129,105,116,76,91
636,17,92,141,138,6,12,34,81,1
636,18,59,60,122,131,84,100,123,44
636,19,15,41,21,142,22,96,12,42
636,20,110,64,55,86,54,15,59,73
636,21,19,38,134,17,42,11,141,97
636,22,28,43,41,100,104,59,128,106
636,23,63,120,101,18,23,3,6,74
636,24,44,101,84,69,36,32,129,10
636,25,74,40,20,116,39,139,125,42
636,26,3,83,113,105,26,15,97,13
636,27,114,79,65,102,20,46,132,124
636,28,93,112,99,5,19,117,128,33
636,29,123,19,0,68,69,93,43,56
636,30,77,126,6,3,72,119,18,115
636,31,19,113,24,109,57,80,51,35
636,32,26,138,33,6,49,120,52,36
636,33,121,102,32,7,85,97,84,52
636,34,133,28,25,50,103,6,52,33
636,35,32,31,78,101,120,79,103,5
636,36,33,96,105,114,1,140,90,48
636,37,33,9,17,22,26,63,130,53
636,38,104,132,40,115,111,109,45,54
636,39,24,88,138,49,114,98,36,109
636,40,135,56,68,63,106,6,78,58
636,41,127,33,42,32,67,56,18,110
636,42,129,8,20,6,97,45,125,15
636,43,142,48,118,93,16,3,69,54
636,44,110,127,75,102,52,64,94,95
637,3,116,100,11,143,42,39,87,44
637,4,64,110,48,46,80,135,111,63
637,5,9,82,62,30,75,35,13,141
637,6,121,142,42,51,78,20,55,84
637,7,98,97,104,66,82,71,130,24
637,8,117,106,60,67,137,43,121,10
637,9,75,9,52,87,27,8,140,36
637,10,24,65,106,104,27,134,13,108
637,11,35,33,1,49,44,104,21,121
637,12,30,95,72,119,55,84,18,93
637,13,33,6,15,82,78,112,63,77
637,14,138,85,100,108,32,22,109,40
637,15,65,38,87,59,40,133,1,11
637,16,112,91,7,22,125,87,83,129
637,17,92,12,138,80,6,128,34,43
637,18,122,59,84,60,12,69,100,108
637,19,15,21,41,12,22,142,42,33
637,20,110,73,64,31,78,125,53,51
637,21,17,42,19,91,60,8,39,96
637,22,43,28,59,41,104,107,19,78
637,23,120,63,60,101,6,3,74,54
637,24,140,101,27,32,44,72,104,84
637,25,66,139,6,62,91,19,24,60
637,26,3,44,21,22,79,13,15,122
637,27,46,135,31,137,65,138,131,114
637,28,86,126,98,76,64,91,95,74
637,29,125,48,29,54,123,140,65,0
637,30,114,56,126,4,3,77,105,75
637,31,102,1,78,24,51,88,109,48
637,32,130,12,25,138,2,36,11,112
637,33,121,67,129,38,114,84,30,85
637,34,25,75,82,8,55,50,123,20
637,35,55,72,131,120,40,5,31,139
637,36,99,100,114,121,13,96,97,48
637,37,9,135,44,63,46,81,139,130
637,38,109,104,54,115,140,74,87,45
637,39,24,9,36,108,104,134,88,53
637,40,61,135,68,78,126,3,55,127
637,41,127,84,42,25,109,19,69,39
637,42,97,8,69,107,54,84,6,21
637,43,49,93,126,9,82,3,73,54
637,44,61,16,75,70,25,95,122,98
638,3,141,81,11,10,117,42,13,80
638,4,103,44,102,121,25,38,64,94
638,5,72,125,123,116,7,70,104,74
638,6,121,106,64,75,133,52,143,42
638,7,124,53,98,101,125,89,24,87
638,8,7,106,31,43,60,86,53,70
638,9,109,75,56,103,9,108,17,19
638,10,65,111,66,24,100,106,38,113
638,11,102,78,56,49,35,68,33,4
638,12,72,30,119,67,25,95,102,1
638,13,33,82,92,52,15,34,36,75
638,14,22,114,138,133,85,47,76,78
638,15,11,114,25,65,1,125,17,53
638,16,22,7,112,6,91,21,83,82
638,17,12,92,18,86,80,43,36,34
638,18,59,122,80,84,97,55,100,12
638,19,41,15,22,141,21,60,34,42
638,20,110,64,108,73,43,103,15,79
638,21,42,17,125,122,30,67,124,11
638,22,43,28,107,41,104,46,59,78
638,23,91,120,3,101,74,6,63,18
638,24,52,124,84,65,13,36,101,135
638,25,142,139,19,79,24,40,113,60
638,26,3,44,105,19,22,69,36,68
638,27,65,44,76,60,124,31,75,58
638,28,37,48,3,5,90,47,112,25
638,29,43,67,25,88,14,123,128,36
638,30,126,71,37,3,9,114,141,115
638,31,1,102,48,24,88,109,57,63
638,32,138,130,57,87,33,119,131,75
638,33,19,67,121,85,53,129,3,114
638,34,8,25,84,75,55,5,36,70
638,35,55,15,40,98,32,57,24,14
638,36,99,112,96,100,38,97,48,43
638,37,44,46,116,45,63,9,135,132
638,38,104,54,115,131,109,74,27,106
638,39,88,108,47,53,36,9,49,134
638,40,63,127,8,12,25,81,39,61
638,41,53,42,116,84,50,133,19,58
638,42,54,106,97,118,32,6,8,39
638,43,93,129,131,73,67,90,82,138
638,44,25,131,16,98,75,61,64,95
639,3,130,95,117,65,127,100,129,116
639,4,40,111,103,69,129,4,7,121
639,5,125,119,98,26,127,104,35,70
639,6,35,139,63,138,70,47,86,133
639,7,124,101,89,127,62,73,59,53
639,8,106,33,7,43,60,70,28,55
639,9,19,17,63,109,141,128,117,49
639,10,38,111,65,24,66,89,104,138
639,11,102,4,56,121,31,100,78,68
639,12,25,72,102,119,95,138,30,10
639,13,82,33,92,136,57,15,75,34
639,14,133,120,22,87,24,108,76,32
639,15,114,82,125,1,11,14,17,10
639,16,7,22,117,112,83,50,53,111
639,17,18,86,80,12,143,43,36,68
639,18,80,54,59,122,97,63,100,84
639,19,141,41,139,60,15,22,21,40
639,20,110,43,103,116,59,51,132,66
639,21,42,122,17,125,89,30,67,11
639,22,107,88,43,67,28,104,41,78
639,23,74,101,94,120,58,6,86,65
639,24,52,124,65,135,84,37,81,78
639,25,59,19,142,12,139,111,60,49
639,26,3,105,109,69,68,22,19,39
639,27,65,44,60,76,79,75,43,59
639,28,37,74,3,132,112,48,8,135
639,29,14,54,67,118,93,140,25,134
639,30,9,71,140,45,37,126,3,114
639,31,1,63,88,24,48,102,81,17
639,32,33,36,2,29,87,76,119,52
639,33,19,4,114,25,121,129,14,30
639,34,8,0,50,93,25,75,20,115
639,35,81,15,32,131,5,87,55,40
639,36,112,99,43,100,126,11,48,136
639,37,116,63,90,9,126,136,129,46
639,38,109,115,45,107,6,76,104,131
639,39,88,36,9,134,24,97,126,141
639,40,102,81,3,74,127,63,89,44
639,41,19,104,133,42,21,7,32,55
639,42,6,106,118,98,54,48,35,30
639,43,62,93,73,54,131,12,2,3
639,44,25,75,19,115,131,61,55,142
640,3,34,95,117,83,17,73,65,104
640,4,31,112,137,136,108,124,37,7
640,5,99,133,70,143,87,31,35,62
640,6,35,139,138,63,20,108,16,19
640,7,97,124,101,89,127,57,18,11
640,8,106,28,33,55,43,101,53,89
640,9,87,17,130,63,50,137,19,117
640,10,38,113,89,63,134,49,24,65
640,11,125,56,31,102,100,38,3,121
640,12,25,72,26,106,138,77,7,95
640,13,77,82,92,33,34,57,75,105
640,14,22,120,87,133,52,24,107,54
640,15,82,114,14,125,58,98,10,39
640,16,7,117,16,22,111,5,50,112
640,17,86,18,43,120,96,36,80,6
640,18,80,100,59,122,97,54,84,63
640,19,141,139,15,41,22,117,42,21
640,20,110,43,59,103,73,116,108,66
640,21,42,30,122,125,133,17,67,124
640,22,107,43,67,81,41,88,78,28
640,23,74,101,120,94,3,6,58,65
640,24,124,65,84,52,135,26,37,49
640,25,59,19,12,111,142,139,55,7
640,26,3,105,142,68,109,19,110,69
640,27,65,44,76,60,43,75,58,59
640,28,37,15,5,74,113,47,21,125
640,29,14,54,118,67,93,134,88,140
640,30,71,9,126,45,140,3,37,130
640,31,1,63,88,48,138,24,17,102
640,32,36,52,33,29,99,63,119,84
640,33,19,25,4,114,121,15,30,129
640,34,8,0,93,50,25,71,20,55
640,35,32,15,81,111,14,87,0,116
640,36,112,99,43,126,100,48,105,97
640,37,63,116,87,90,141,9,46,130
640,38,115,109,107,45,104,131,100,106
640,39,88,24,9,141,36,121,89,108
640,40,102,63,44,81,99,3,135,40
640,41,19,42,119,104,111,127,49,116
640,42,106,118,6,32,28,25,104,91
640,43,108,93,54,60,131,119,53,130
640,44,75,25,27,19,131,52,5,100
641,3,124,95,141,117,8,126,90,56
641,4,110,34,92,7,132,63,51,129
641,5,8,15,34,44,133,24,58,115
641,6,136,52,35,78,73,108,89,112
641,7,124,89,101,67,111,18,5,127
641,8,44,106,89,88,28,132,0,9
641,9,63,17,94,116,125,50,112,113
641,10,113,89,76,38,24,95,50,14
641,11,38,31,125,56,102,32,72,49
641,12,106,25,138,72,95,7,119,102
641,13,92,57,34,82,15,1,75,33
641,14,22,120,24,87,133,137,138,103
641,15,82,114,14,125,133,80,53,87
641,16,7,111,16,100,83,117,91,50
641,17,36,18,6,93,43,12,103,86
641,18,122,59,100,34,80,86,84,115
641,19,15,21,140,42,22,34,139,12
641,20,110,79,67,64,73,103,17,132
641,21,91,42,124,17,39,63,30,122
641,22,43,41,107,67,78,104,138,28
641,23,101,3,74,6,120,65,60,2
641,24,84,65,52,124,36,37,113,78
641,25,7,59,19,12,142,111,139,60
641,26,3,105,68,39,19,109,106,71
641,27,65,76,60,59,43,44,58,75
641,28,37,115,5,74,113,91,47,21
641,29,14,54,134,16,43,36,128,132
641,30,9,71,45,126,140,76,130,3
641,31,1,63,88,81,17,109,24,48
641,32,31,36,33,29,75,52,51,63
641,33,19,4,114,25,121,5,30,15
641,34,8,0,93,25,123,100,50,28
641,35,32,15,5,14,26,111,131,81
641,36,112,99,105,126,43,97,11,100
641,37,63,116,42,90,126,9,45,74
641,38,115,109,45,76,141,131,54,8
641,39,88,24,9,73,53,36,100,121
641,40,99,63,81,135,44,55,79,91
641,41,19,32,142,104,111,42,48,129
641,42,45,118,1,6,72,130,10,21
641,43,108,80,93,54,101,100,103,12
641,44,75,25,115,19,104,122,46,142
634,3,66,117,39,42,26,71,64,40
634,4,87,64,80,2,88,91,106,54
634,5,70,48,62,32,6,29,15,105
634,6,45,121,118,43,120,29,109,10
634,7,24,21,119,66,82,98,52,5
634,8,39,10,43,26,135,70,109,117
634,9,0,32,116,97,108,129,69,60
634,10,115,77,133,21,40,45,89,24
634,11,104,49,111,121,58,112,72,135
634,12,95,56,119,84,7,24,48,93
634,13,6,15,38,30,134,33,122,78
634,14,3,138,85,57,47,100,40,108
634,15,38,89,65,87,1,133,46,102
634,16,112,40,125,82,84,91,110,133
634,17,25,34,93,138,85,128,129,12
634,18,122,100,34,69,140,81,115,36
634,19,12,21,42,34,33,22,73,142
634,20,73,31,37,64,79,135,1,39
634,21,91,63,39,132,27,42,122,117
634,22,41,142,59,109,98,78,43,34
634,23,6,3,70,60,4,18,69,74
634,24,28,16,104,56,140,27,103,13
634,25,66,139,60,141,107,91,6,10
634,26,79,21,141,37,44,15,36,13
634,27,46,135,31,138,14,63,82,5
634,28,91,64,51,76,112,18,85,73
634,29,51,111,125,77,65,6,32,128
634,30,99,13,52,86,70,4,3,76
634,31,80,64,77,39,24,19,51,78
634,32,3,112,92,39,138,36,27,110
634,33,98,67,34,121,38,55,68,19
634,34,20,92,38,42,23,125,136,47
634,35,70,120,60,127,12,72,80,65
634,36,108,97,128,79,76,138,29,9
634,37,99,81,72,40,114,75,127,135
634,38,33,108,100,42,120,54,68,106
634,39,73,46,4,102,84,2,119,53
634,40,90,24,137,29,17,122,26,79
634,41,51,67,142,2,66,58,108,54
634,42,21,47,30,7,120,32,96,110
634,43,83,63,10,91,108,132,28,101
634,44,57,45,81,86,83,135,0,17
635,3,132,131,42,39,49,66,26,93
635,4,45,58,36,17,96,20,73,100
635,5,7,101,100,96,104,118,8,30
635,6,91,7,25,73,142,118,84,74
635,7,77,71,122,69,24,66,53,106
635,8,130,123,137,110,25,43,60,56
635,9,20,0,113,36,116,86,111,42
635,10,50,58,128,107,133,134,10,18
635,11,25,49,104,121,10,112,45,46
635,12,7,56,95,79,42,119,84,93
635,13,63,6,30,134,116,139,70,1
635,14,119,47,85,138,30,57,100,108
635,15,100,142,65,89,71,91,131,101
635,16,125,112,63,45,7,57,82,91
635,17,12,141,43,6,92,44,128,80
635,18,122,59,23,100,60,140,44,12
635,19,15,34,42,22,12,21,84,33
635,20,110,73,86,64,59,32,5,2
635,21,42,134,19,91,141,17,39,27
635,22,28,43,41,59,138,78,104,107
635,23,63,23,3,120,101,59,6,74
635,24,101,32,16,44,140,13,114,84
635,25,66,139,91,119,19,60,113,10
635,26,3,79,110,22,15,44,70,37
635,27,65,135,46,31,114,20,27,138
635,28,117,20,86,64,91,85,99,112
635,29,43,125,38,80,29,100,65,24
635,30,126,52,99,9,56,86,3,70
635,31,74,90,39,88,80,19,51,109
635,32,60,112,25,138,36,3,62,120
635,33,142,121,67,73,30,38,14,112
635,34,38,20,92,70,42,25,136,34
635,35,102,76,70,65,80,72,120,58
635,36,106,97,108,138,92,128,16,29
635,37,81,33,135,9,8,96,99,114
635,38,32,140,54,109,100,42,108,74
635,39,73,84,24,86,53,63,4,136
635,40,24,94,2,135,55,78,122,79
635,41,33,50,54,42,18,61,67,109
635,42,44,107,8,143,113,136,21,47
635,43,34,9,42,93,54,56,10,90
635,44,114,9,104,64,24,16,68,143
636,3,107,70,51,78,121,55,73,74
636,4,134,70,78,30,12,52,95,20
636,5,50,34,89,7,104,44,12,64
636,6,142,4,107,75,89,70,95,92
636,7,42,139,82,124,103,53,71,66
636,8,86,65,35,53,70,34,55,60
636,9,28,78,123,17,108,11,75,16
636,10,10,121,2,50,33,24,40,83
636,11,121,49,33,35,88,11,112,1
636,12,19,65,42,70,93,119,58,102
636,13,59,124,16,84,41,62,34,63
636,14,52,53,90,32,63,117,76,137
636,15,24,19,142,14,101,40,75,89
636,16,22,13,30,129,105,116,76,91
636,17,92,141,138,6,12,34,81,1
636,18,59,60,122,131,84,100,123,44
636,19,15,41,21,142,22,96,12,42
636,20,110,64,55,86,54,15,59,73
636,21,19,38,134,17,42,11,141,97
636,22,28,43,41,100,104,59,128,106
636,23,63,120,101,18,23,3,6,74
636,24,44,101,84,69,36,32,129,10
636,25,74,40,20,116,39,139,125,42
636,26,3,83,113,105,26,15,97,13
636,27,114,79,65,102,20,46,132,124
636,28,93,112,99,5,19,117,128,33
636,29,123,19,0,68,69,93,43,56
636,30,77,126,6,3,72,119,18,115
636,31,19,113,24,109,57,80,51,35
636,32,26,138,33,6,49,120,52,36
636,33,121,102,32,7,85,97,84,52
636,34,133,28,25,50,103,6,52,33
636,35,32,31,78,101,120,79,103,5
636,36,33,96,105,114,1,140,90,48
636,37,33,9,17,22,26,63,130,53
636,38,104,132,40,115,111,109,45,54
636,39,24,88,138,49,114,98,36,109
636,40,135,56,68,63,106,6,78,58
636,41,127,33,42,32,67,56,18,110
636,42,129,8,20,6,97,45,125,15
636,43,142,48,118,93,16,3,69,54
636,44,110,127,75,102,52,64,94,95
637,3,116,100,11,143,42,39,87,44
637,4,64,110,48,46,80,135,111,63
637,5,9,82,62,30,75,35,13,141
637,6,121,142,42,51,78,20,55,84
637,7,98,97,104,66,82,71,130,24
637,8,117,106,60,67,137,43,121,10
637,9,75,9,52,87,27,8,140,36
637,10,24,65,106,104,27,134,13,108
637,11,35,33,1,49,44,104,21,121
637,12,30,95,72,119,55,84,18,93
637,13,33,6,15,82,78,112,63,77
637,14,138,85,100,108,32,22,109,40
637,15,65,38,87,59,40,133,1,11
637,16,112,91,7,22,125,87,83,129
637,17,92,12,138,80,6,128,34,43
637,18,122,59,84,60,12,69,100,108
637,19,15,21,41,12,22,142,42,33
637,20,110,73,64,31,78,125,53,51
637,21,17,42,19,91,60,8,39,96
637,22,43,28,59,41,104,107,19,78
637,23,120,63,60,101,6,3,74,54
637,24,140,101,27,32,44,72,104,84
637,25,66,139,6,62,91,19,24,60
637,26,3,44,21,22,79,13,15,122
637,27,46,135,31,137,65,138,131,114
637,28,86,126,98,76,64,91,95,74
637,29,125,48,29,54,123,140,65,0
637,30,114,56,126,4,3,77,105,75
637,31,102,1,78,24,51,88,109,48
637,32,130,12,25,138,2,36,11,112
637,33,121,67,129,38,114,84,30,85
637,34,25,75,82,8,55,50,123,20
637,35,55,72,131,120,40,5,31,139
637,36,99,100,114,121,13,96,97,48
637,37,9,135,44,63,46,81,139,130
637,38,109,104,54,115,140,74,87,45
637,39,24,9,36,108,104,134,88,53
637,40,61,135,68,78,126,3,55,127
637,41,127,84,42,25,109,19,69,39
637,42,97,8,69,107,54,84,6,21
637,43,49,93,126,9,82,3,73,54
637,44,61,16,75,70,25,95,122,98
638,3,141,81,11,10,117,42,13,80
638,4,103,44,102,121,25,38,64,94
638,5,72,125,123,116,7,70,104,74
638,6,121,106,64,75,133,52,143,42
638,7,124,53,98,101,125,89,24,87
638,8,7,106,31,43,60,86,53,70
638,9,109,75,56,103,9,108,17,19
638,10,65,111,66,24,100,106,38,113
638,11,102,78,56,49,35,68,33,4
638,12,72,30,119,67,25,95,102,1
638,13,33,82,92,52,15,34,36,75
638,14,22,114,138,133,85,47,76,78
638,15,11,114,25,65,1,125,17,53
638,16,22,7,112,6,91,21,83,82
638,17,12,92,18,86,80,43,36,34
638,18,59,122,80,84,97,55,100,12
638,19,41,15,22,141,21,60,34,42
638,20,110,64,108,73,43,103,15,79
638,21,42,17,125,122,30,67,124,11
638,22,43,28,107,41,104,46,59,78
638,23,91,120,3,101,74,6,63,18
638,24,52,124,84,65,13,36,101,135
638,25,142,139,19,79,24,40,113,60
638,26,3,44,105,19,22,69,36,68
638,27,65,44,76,60,124,31,75,58
638,28,37,48,3,5,90,47,112,25
638,29,43,67,25,88,14,123,128,36
638,30,126,71,37,3,9,114,141,115
638,31,1,102,48,24,88,109,57,63
638,32,138,130,57,87,33,119,131,75
638,33,19,67,121,85,53,129,3,114
638,34,8,25,84,75,55,5,36,70
638,35,55,15,40,98,32,57,24,14
638,36,99,112,96,100,38,97,48,43
638,37,44,46,116,45,63,9,135,132
638,38,104,54,115,131,109,74,27,106
638,39,88,108,47,53,36,9,49,134
638,40,63,127,8,12,25,81,39,61
638,41,53,42,116,84,50,133,19,58
638,42,54,106,97,118,32,6,8,39
638,43,93,129,131,73,67,90,82,138
638,44,25,131,16,98,75,61,64,95
639,3,130,95,117,65,127,100,129,116
639,4,40,111,103,69,129,4,7,121
639,5,125,119,98,26,127,104,35,70
639,6,35,139,63,138,70,47,86,133
639,7,124,101,89,127,62,73,59,53
639,8,106,33,7,43,60,70,28,55
639,9,19,17,63,109,141,128,117,49
639,10,38,111,65,24,66,89,104,138
639,11,102,4,56,121,31,100,78,68
639,12,25,72,102,119,95,138,30,10
639,13,82,33,92,136,57,15,75,34
639,14,133,120,22,87,24,108,76,32
639,15,114,82,125,1,11,14,17,10
639,16,7,22,117,112,83,50,53,111
639,17,18,86,80,12,143,43,36,68
639,18,80,54,59,122,97,63,100,84
639,19,141,41,139,60,15,22,21,40
639,20,110,43,103,116,59,51,132,66
639,21,42,122,17,125,89,30,67,11
639,22,107,88,43,67,28,104,41,78
639,23,74,101,94,120,58,6,86,65
639,24,52,124,65,135,84,37,81,78
639,25,59,19,142,12,139,111,60,49
639,26,3,105,109,69,68,22,19,39
639,27,65,44,60,76,79,75,43,59
639,28,37,74,3,132,112,48,8,135
639,29,14,54,67,118,93,140,25,134
639,30,9,71,140,45,37,126,3,114
639,31,1,63,88,24,48,102,81,17
639,32,33,36,2,29,87,76,119,52
639,33,19,4,114,25,121,129,14,30
639,34,8,0,50,93,25,75,20,115
639,35,81,15,32,131,5,87,55,40
639,36,112,99,43,100,126,11,48,136
639,37,116,63,90,9,126,136,129,46
639,38,109,115,45,107,6,76,104,131
639,39,88,36,9,134,24,97,126,141
639,40,102,81,3,74,127,63,89,44
639,41,19,104,133,42,21,7,32,55
639,42,6,106,118,98,54,48,35,30
639,43,62,93,73,54,131,12,2,3
639,44,25,75,19,115,131,61,55,142
640,3,34,95,117,83,17,73,65,104
640,4,31,112,137,136,108,124,37,7
640,5,99,133,70,143,87,31,35,62
640,6,35,139,138,63,20,108,16,19
640,7,97,124,101,89,127,57,18,11
640,8,106,28,33,55,43,101,53,89
640,9,87,17,130,63,50,137,19,117
640,10,38,113,89,63,134,49,24,65
640,11,125,56,31,102,100,38,3,121
640,12,25,72,26,106,138,77,7,95
640,13,77,82,92,33,34,57,75,105
640,14,22,120,87,133,52,24,107,54
640,15,82,114,14,125,58,98,10,39
640,16,7,117,16,22,111,5,50,112
640,17,86,18,43,120,96,36,80,6
640,18,80,100,59,122,97,54,84,63
640,19,141,139,15,41,22,117,42,21
640,20,110,43,59,103,73,116,108,66
640,21,42,30,122,125,133,17,67,124
640,22,107,43,67,81,41,88,78,28
640,23,74,101,120,94,3,6,58,65
640,24,124,65,84,52,135,26,37,49
640,25,59,19,12,111,142,139,55,7
640,26,3,105,142,68,109,19,110,69
640,27,65,44,76,60,43,75,58,59
640,28,37,15,5,74,113,47,21,125
640,29,14,54,118,67,93,134,88,140
640,30,71,9,126,45,140,3,37,130
640,31,1,63,88,48,138,24,17,102
640,32,36,52,33,29,99,63,119,84
640,33,19,25,4,114,121,15,30,129
640,34,8,0,93,50,25,71,20,55
640,35,32,15,81,111,14,87,0,116
640,36,112,99,43,126,100,48,105,97
640,37,63,116,87,90,141,9,46,130
640,38,115,109,107,45,104,131,100,106
640,39,88,24,9,141,36,121,89,108
640,40,102,63,44,81,99,3,135,40
640,41,19,42,119,104,111,127,49,116
640,42,106,118,6,32,28,25,104,91
640,43,108,93,54,60,131,119,53,130
640,44,75,25,27,19,131,52,5,100
641,3,124,95,141,117,8,126,90,56
641,4,110,34,92,7,132,63,51,129
641,5,8,15,34,44,133,24,58,115
641,6,136,52,35,78,73,108,89,112
641,7,124,89,101,67,111,18,5,127
641,8,44,106,89,88,28,132,0,9
641,9,63,17,94,116,125,50,112,113
641,10,113,89,76,38,24,95,50,14
641,11,38,31,125,56,102,32,72,49
641,12,106,25,138,72,95,7,119,102
641,13,92,57,34,82,15,1,75,33
641,14,22,120,24,87,133,137,138,103
641,15,82,114,14,125,133,80,53,87
641,16,7,111,16,100,83,117,91,50
641,17,36,18,6,93,43,12,103,86
641,18,122,59,100,34,80,86,84,115
641,19,15,21,140,42,22,34,139,12
641,20,110,79,67,64,73,103,17,132
641,21,91,42,124,17,39,63,30,122
641,22,43,41,107,67,78,104,138,28
641,23,101,3,74,6,120,65,60,2
641,24,84,65,52,124,36,37,113,78
641,25,7,59,19,12,142,111,139,60
641,26,3,105,68,39,19,109,106,71
641,27,65,76,60,59,43,44,58,75
641,28,37,115,5,74,113,91,47,21
641,29,14,54,134,16,43,36,128,132
641,30,9,71,45,126,140,76,130,3
641,31,1,63,88,81,17,109,24,48
641,32,31,36,33,29,75,52,51,63
641,33,19,4,114,25,121,5,30,15
641,34,8,0,93,25,123,100,50,28
641,35,32,15,5,14,26,111,131,81
641,36,112,99,105,126,43,97,11,100
641,37,63,116,42,90,126,9,45,74
641,38,115,109,45,76,141,131,54,8
641,39,88,24,9,73,53,36,100,121
641,40,99,63,81,135,44,55,79,91
641,41,19,32,142,104,111,42,48,129
641,42,45,118,1,6,72,130,10,21
641,43,108,80,93,54,101,100,103,12
641,44,75,25,115,19,104,122,46,142
634,3,66,117,39,42,26,71,64,40
634,4,87,64,80,2,88,91,106,54
634,5,70,48,62,32,6,29,15,105
634,6,45,121,118,43,120,29,109,10
634,7,24,21,119,66,82,98,52,5
634,8,39,10,43,26,135,70,109,117
634,9,0,32,116,97,108,129,69,60
634,10,115,77,133,21,40,45,89,24
634,11,104,49,111,121,58,112,72,135
634,12,95,56,119,84,7,24,48,93
634,13,6,15,38,30,134,33,122,78
634,14,3,138,85,57,47,100,40,108
634,15,38,89,65,87,1,133,46,102
634,16,112,40,125,82,84,91,110,133
634,17,25,34,93,138,85,128,129,12
634,18,122,100,34,69,140,81,115,36
634,19,12,21,42,34,33,22,73,142
634,20,73,31,37,64,79,135,1,39
634,21,91,63,39,132,27,42,122,117
634,22,41,142,59,109,98,78,43,34
634,23,6,3,70,60,4,18,69,74
634,24,28,16,104,56,140,27,103,13
634,25,66,139,60,141,107,91,6,10
634,26,79,21,141,37,44,15,36,13
634,27,46,135,31,138,14,63,82,5
634,28,91,64,51,76,112,18,85,73
634,29,51,111,125,77,65,6,32,128
634,30,99,13,52,86,70,4,3,76
634,31,80,64,77,39,24,19,51,78
634,32,3,112,92,39,138,36,27,110
634,33,98,67,34,121,38,55,68,19
634,34,20,92,38,42,23,125,136,47
634,35,70,120,60,127,12,72,80,65
634,36,108,97,128,79,76,138,29,9
634,37,99,81,72,40,114,75,127,135
634,38,33,108,100,42,120,54,68,106
634,39,73,46,4,102,84,2,119,53
634,40,90,24,137,29,17,122,26,79
634,41,51,67,142,2,66,58,108,54
634,42,21,47,30,7,120,32,96,110
634,43,83,63,10,91,108,132,28,101
634,44,57,45,81,86,83,135,0,17
635,3,42,15,91,142,34,100,39,26
635,4,108,64,139,141,65,91,51,104
635,5,7,2,12,21,46,83,54,15
635,6,66,142,42,109,121,87,45,20
635,7,24,29,19,106,71,66,21,119
635,8,135,102,4,46,40,39,10,26
635,9,133,129,118,116,75,128,87,32
635,10,136,79,33,133,90,89,5,130
635,11,104,49,46,121,117,23,42,29
635,12,119,95,89,56,84,93,41,22
635,13,6,15,19,35,98,13,101,38
635,14,40,138,36,85,117,32,20,18
635,15,38,87,93,44,39,1,25,89
635,16,112,46,40,43,89,71,18,91
635,17,93,138,34,94,85,109,6,68
635,18,115,122,9,140,70,34,69,77
635,19,136,71,140,78,73,32,39,33
635,20,79,67,62,73,1,55,135,95
635,21,39,110,91,63,132,38,128,98
635,22,98,78,139,79,70,41,65,12
635,23,72,3,32,6,2,133,101,100
635,24,99,134,22,56,28,27,68,104
635,25,66,139,60,117,34,6,91,24
635,26,141,37,13,21,44,77,54,36
635,27,5,46,27,78,135,31,118,74
635,28,76,29,142,64,51,99,20,96
635,29,111,77,137,51,125,57,108,30
635,30,52,13,99,57,4,42,70,72
635,31,80,39,69,10,85,24,77,32
635,32,112,92,131,39,0,127,142,143
635,33,106,67,121,1,98,72,129,137
635,34,38,42,23,20,25,47,125,103
635,35,127,60,70,120,65,67,79,12
635,36,108,100,73,15,29,106,79,96
635,37,99,81,114,72,75,95,76,19
635,38,108,68,33,20,42,135,140,101
635,39,73,86,84,28,46,119,4,102
635,40,24,137,29,90,17,66,14,116
635,41,51,2,142,58,66,54,26,65
635,42,21,30,47,7,110,107,4,26
635,43,63,10,108,87,91,52,93,59
635,44,0,81,86,42,22,135,55,73
636,3,133,13,32,142,39,42,87,127
636,4,26,105,84,106,95,125,14,86
636,5,134,89,88,139,115,64,11,95
636,6,89,77,81,60,61,87,96,73
636,7,125,86,52,36,71,114,106,29
636,8,99,10,46,98,39,72,117,35
636,9,83,34,58,126,0,121,71,137
636,10,37,133,98,19,85,89,24,18
636,11,49,104,121,76,26,30,23,27
636,12,99,119,95,89,37,29,42,49
636,13,128,101,6,15,106,134,86,126
636,14,36,40,99,117,67,18,108,82
636,15,121,38,39,87,129,93,94,133
636,16,112,79,32,91,138,71,67,128
636,17,34,88,43,58,92,55,25,128
636,18,34,122,140,70,69,86,77,100
636,19,73,140,33,71,136,42,119,86
636,20,73,63,1,135,45,132,90,79
636,21,39,91,63,87,132,128,130,124
636,22,98,70,78,65,59,138,41,25
636,23,89,130,6,131,3,32,140,133
636,24,104,68,28,134,99,91,27,56
636,25,66,139,91,60,22,6,62,29
636,26,96,21,141,50,79,119,15,13
636,27,5,135,31,46,27,14,105,93
636,28,118,71,64,73,109,132,47,76
636,29,137,125,52,113,65,28,121,57
636,30,52,42,48,3,9,83,127,119
636,31,39,20,76,17,2,5,10,135
636,32,106,29,39,55,62,142,10,120
636,33,99,106,137,83,12,19,121,20
636,34,70,103,42,25,88,23,133,83
636,35,127,54,143,134,67,31,59,65
636,36,108,73,72,27,106,15,40,86
636,37,76,95,81,19,96,134,125,114
636,38,140,68,63,24,20,25,141,119
636,39,6,84,86,53,11,119,60,118
636,40,94,70,66,72,27,101,14,59
636,41,97,22,141,46,65,112,58,20
636,42,26,1,107,87,55,53,52,42
636,43,55,116,92,70,132,13,40,104
636,44,54,83,130,39,24,17,124,125
637,3,30,109,119,66,13,133,38,55
637,4,54,34,6,85,33,17,42,83
637,5,67,47,95,39,18,52,64,40
637,6,81,55,71,70,90,37,121,92
637,7,71,66,29,0,55,8,137,93
637,8,85,98,69,99,49,81,134,88
637,9,133,24,50,58,1,125,59,38
637,10,1,81,73,29,133,130,80,49
637,11,86,49,88,66,104,89,97,121
637,12,29,140,119,95,18,14,113,42
637,13,4,54,15,98,121,103,101,126
637,14,89,109,47,40,36,25,94,33
637,15,41,126,121,25,9,35,141,38
637,16,4,112,56,94,10,47,21,76
637,17,113,0,6,17,68,26,34,43
637,18,128,3,140,73,86,122,70,34
637,19,140,71,73,94,138,33,48,77
637,20,62,84,95,42,73,135,0,52
637,21,39,49,128,113,91,63,8,23
637,22,139,98,78,65,70,4,101,83
637,23,69,32,126,89,56,3,36,133
637,24,68,35,99,104,27,69,91,13
637,25,90,66,139,76,91,126,74,60
637,26,137,24,21,44,119,96,115,82
637,27,5,8,71,93,135,46,31,100
637,28,90,109,142,29,23,139,68,52
637,29,57,124,121,137,118,78,113,35
637,30,66,52,94,46,42,121,124,92
637,31,45,75,39,10,143,107,54,85
637,32,51,62,93,141,29,84,81,131
637,33,58,72,39,106,113,89,48,1
637,34,129,76,117,70,40,140,14,133
637,35,127,54,35,59,56,9,65,13
637,36,40,89,86,73,100,27,106,107
637,37,95,51,91,108,78,18,130,36
637,38,63,140,84,31,68,27,12,136
637,39,127,84,6,28,86,2,53,62
637,40,110,33,94,69,66,72,27,14
637,41,141,126,102,7,116,46,26,35
637,42,26,80,107,36,35,1,53,42
637,43,91,55,111,13,120,58,101,116
637,44,105,80,79,24,135,124,122,125
638,3,49,12,62,90,97,68,19,39
638,4,52,117,21,123,109,16,6,62
638,5,54,65,88,39,6,116,71,60
638,6,15,44,3,95,118,81,59,82
638,7,117,124,66,106,42,102,53,122
638,8,10,30,98,83,16,102,132,26
638,9,32,37,87,136,112,116,117,84
638,10,73,32,47,2,81,85,80,98
638,11,55,137,121,49,67,77,104,66
638,12,3,37,119,18,106,59,70,29
638,13,10,4,142,141,120,107,54,97
638,14,105,72,63,40,32,89,106,82
638,15,32,115,126,15,12,121,17,127
638,16,56,90,112,32,4,123,33,45
638,17,20,56,6,81,43,141,95,110
638,18,31,86,106,115,140,100,77,12
638,19,79,94,140,0,33,77,5,37
638,20,135,71,97,62,35,45,42,67
638,21,39,128,95,38,93,113,103,48
638,22,139,62,78,12,98,83,101,130
638,23,32,101,99,7,30,50,133,117
638,24,69,99,82,91,61,27,68,37
638,25,66,45,139,74,11,88,141,60
638,26,50,21,4,36,13,44,141,24
638,27,135,78,46,27,31,5,131,124
638,28,40,64,76,29,119,99,20,73
638,29,27,137,111,78,60,19,75,32
638,30,52,43,9,3,46,87,42,131
638,31,107,39,69,31,17,51,4,24
638,32,62,19,29,125,138,67,51,87
638,33,83,121,67,1,38,42,97,8
638,34,70,42,25,92,38,26,28,24
638,35,54,127,123,66,4,0,67,80
638,36,106,27,72,96,64,111,86,15
638,37,96,108,134,81,112,10,114,113
638,38,140,24,29,68,128,20,98,106
638,39,84,6,86,55,11,73,63,119
638,40,94,122,66,123,24,14,44,32
638,41,141,98,136,89,26,112,142,107
638,42,87,142,26,107,105,46,1,136
638,43,55,121,32,48,39,112,13,106
638,44,30,116,143,130,129,89,124,5
639,3,84,19,120,76,39,96,44,112
639,4,9,99,139,92,82,59,129,18
639,5,5,97,140,71,118,56,89,26
639,6,120,100,12,65,81,135,61,105
639,7,85,5,101,66,42,106,108,83
639,8,60,39,1,16,51,91,4,114
639,9,0,36,32,47,81,75,101,51
639,10,135,116,17,89,139,79,24,97
639,11,95,113,100,49,27,59,30,29
639,12,120,76,95,37,119,8,112,18
639,13,91,4,49,19,6,15,35,141
639,14,16,40,138,79,82,106,65,72
639,15,9,99,134,43,33,93,39,121
639,16,112,54,88,143,137,79,71,24
639,17,94,45,41,43,6,34,138,39
639,18,34,70,86,77,9,137,122,17
639,19,140,71,33,94,32,136,0,77
639,20,67,17,1,0,62,135,90,111
639,21,39,63,110,128,115,28,91,132
639,22,25,78,98,70,65,57,19,85
639,23,16,89,32,133,104,11,31,2
639,24,128,104,131,68,134,90,100,89
639,25,5,88,66,74,139,60,35,31
639,26,13,103,21,97,10,7,108,70
639,27,31,5,46,94,135,125,27,138
639,28,76,29,52,13,2,65,142,118
639,29,63,137,7,57,26,121,36,103
639,30,132,52,83,119,60,57,3,120
639,31,39,85,110,2,94,10,88,34
639,32,84,137,29,108,120,125,55,24
639,33,106,19,137,39,99,8,121,58
639,34,83,104,42,40,77,14,103,38
639,35,127,47,119,77,126,116,31,113
639,36,108,15,9,106,84,131,123,107
639,37,78,71,14,19,130,110,95,133
639,38,68,87,98,141,25,29,20,40
639,39,86,28,60,119,92,64,2,26
639,40,66,40,27,72,140,70,94,98
639,41,15,46,112,65,68,2,124,5
639,42,1,107,26,8,110,11,52,42
639,43,47,111,52,116,1,101,128,82
639,44,13,56,130,124,17,39,122,24
640,3,40,61,125,28,121,19,38,93
640,4,24,123,125,14,117,52,42,89
640,5,109,39,113,55,72,116,54,106
640,6,85,110,45,133,83,118,92,73
640,7,42,0,36,50,86,130,106,85
640,8,11,10,98,55,46,121,8,111
640,9,73,76,108,81,106,130,143,89
640,10,2,121,86,25,47,43,24,99
640,11,44,49,104,55,66,67,76,121
640,12,37,36,119,33,99,18,89,82
640,13,44,19,106,137,49,141,54,90
640,14,40,32,117,72,63,80,7,110
640,15,93,115,39,32,41,121,44,1
640,16,137,71,112,32,43,23,47,128
640,17,94,43,45,56,128,92,6,39
640,18,9,57,86,115,19,70,77,140
640,19,140,94,78,33,71,136,119,77
640,20,67,1,62,121,135,40,35,12
640,21,39,128,116,28,132,85,30,47
640,22,139,65,57,98,78,62,137,83
640,23,7,85,30,133,101,99,69,82
640,24,99,69,134,100,91,56,27,104
640,25,114,139,11,88,34,65,6,76
640,26,141,50,4,15,36,124,103,19
640,27,78,114,46,31,135,131,27,137
640,28,20,76,137,6,64,33,119,48
640,29,60,29,30,103,33,111,87,48
640,30,52,70,88,135,4,11,126,91
640,31,39,19,17,10,51,107,135,13
640,32,131,84,138,27,53,129,143,49
640,33,120,51,121,1,85,142,83,97
640,34,70,25,38,92,47,136,26,4
640,35,123,80,76,41,67,66,58,113
640,36,106,14,27,128,96,35,138,13
640,37,96,23,81,108,135,10,114,45
640,38,140,29,54,67,101,68,141,128
640,39,84,60,55,63,62,86,73,109
640,40,94,123,91,55,32,125,7,44
640,41,98,58,141,75,130,26,107,87
640,42,127,87,23,121,107,26,77,25
640,43,121,131,32,70,55,40,112,116
640,44,129,37,30,103,134,95,36,46
641,3,2,11,104,74,73,96,87,135
641,4,49,96,73,77,37,17,110,22
641,5,99,45,15,95,16,9,102,134
641,6,121,42,142,97,34,135,70,118
641,7,24,119,66,127,71,122,124,5
641,8,94,93,135,43,137,116,10,26
641,9,53,30,97,1,92,8,129,113
641,10,125,49,42,41,69,24,134,128
641,11,121,64,49,135,34,120,132,10
641,12,42,95,11,119,7,18,102,111
641,13,6,70,15,84,4,102,78,19
641,14,138,69,100,40,47,17,80,82
641,15,38,87,3,1,47,93,59,35
641,16,131,112,46,27,20,40,87,22
641,17,138,34,100,51,129,6,94,55
641,18,122,140,34,107,9,115,70,17
641,19,71,140,136,12,21,33,32,22
641,20,31,73,140,64,79,101,12,132
641,21,39,63,105,110,124,91,27,130
641,22,126,34,142,78,133,41,22,65
641,23,6,60,47,70,95,3,41,133
641,24,99,74,79,140,27,0,104,22
641,25,139,91,60,59,29,66,65,6
641,26,15,79,0,122,67,37,36,30
641,27,78,137,35,46,131,65,25,92
641,28,20,74,33,86,98,48,64,99
641,29,130,30,74,48,103,121,42,29
641,30,70,114,126,3,141,4,75,124
641,31,39,19,127,80,94,102,10,78
641,32,131,138,117,57,23,128,115,25
641,33,1,129,121,85,14,72,106,67
641,34,25,47,92,55,4,43,75,36
641,35,127,55,75,113,44,58,135,67
641,36,96,100,111,89,15,13,51,73
641,37,45,135,74,6,91,109,114,34
641,38,54,29,113,131,141,98,84,19
641,39,43,86,73,118,42,22,10,134
641,40,105,7,2,55,49,44,125,65
641,41,50,25,45,87,28,58,44,55
641,42,127,54,107,97,8,39,1,69
641,43,138,131,78,95,70,120,93,4
641,44,69,131,10,128,95,68,70,143
642,3,22,56,42,118,76,136,96,54
642,4,120,141,88,80,39,37,7,94
642,5,119,29,4,2,76,99,140,10
642,6,115,120,143,47,121,112,29,123
642,7,79,84,66,24,52,67,57,50
642,8,80,76,137,93,116,98,26,72
642,9,93,25,92,128,106,120,1,97
642,10,39,115,132,135,99,49,52,103
642,11,38,32,104,132,49,121,105,135
642,12,102,42,13,39,129,68,7,95
642,13,104,70,115,6,94,15,107,46
642,14,24,121,138,21,132,57,47,35
642,15,130,4,26,38,17,91,126,115
642,16,26,27,59,112,46,110,67,82
642,17,0,51,138,34,43,72,6,92
642,18,107,73,122,140,69,81,3,128
642,19,94,140,71,100,33,42,47,119
642,20,101,90,16,109,62,67,119,30
642,21,39,89,120,63,110,73,130,93
642,22,125,88,34,78,133,142,65,40
642,23,58,39,47,133,126,6,49,98
642,24,72,99,69,41,27,110,74,33
642,25,74,51,109,91,76,19,9,125
642,26,122,115,82,78,37,91,15,44
642,27,71,78,56,20,65,46,100,93
642,28,138,106,29,74,1,124,20,25
642,29,140,121,3,103,74,108,30,124
642,30,70,46,124,87,51,75,126,3
642,31,42,39,19,94,80,32,113,88
642,32,37,131,138,24,128,87,2,116
642,33,129,72,39,1,106,16,85,89
642,34,98,47,43,129,25,36,50,107
642,35,127,21,44,35,62,135,63,58
642,36,89,73,111,96,35,90,41,27
642,37,103,109,83,12,105,88,72,95
642,38,54,63,29,59,98,9,95,141
642,39,84,52,71,43,69,120,105,39
642,40,2,33,49,91,44,28,55,65
642,41,64,28,111,44,31,112,123,89
642,42,97,107,102,32,53,26,52,93
642,43,36,137,120,13,103,112,58,7
642,44,74,68,45,7,92,41,6,113
643,3,135,80,37,40,42,112,88,76
643,4,46,81,80,120,110,118,140,64
643,5,119,9,15,73,17,29,78,140
643,6,78,121,118,130,34,29,20,68
643,7,24,105,66,15,52,70,84,86
643,8,46,93,116,26,109,10,60,88
643,9,141,93,138,128,69,134,136,131
643,10,39,56,99,69,24,67,65,5
643,11,132,121,16,70,67,35,4,27
643,12,102,37,84,70,42,3,120,59
643,13,70,44,115,54,71,41,106,107
643,14,72,40,63,112,32,66,124,117
643,15,32,93,115,74,139,127,4,25
643,16,137,47,27,90,112,71,26,57
643,17,51,0,56,6,38,140,90,95
643,18,86,20,106,132,70,57,75,122
643,19,128,77,10,119,94,37,140,79
643,20,12,135,67,79,101,121,65,45
643,21,77,9,116,39,115,63,132,60
643,22,115,125,78,65,133,117,50,130
643,23,72,137,117,140,133,54,58,112
643,24,69,22,12,99,143,120,97,56
643,25,74,42,18,116,88,38,115,39
643,26,98,115,66,97,109,118,122,78
643,27,79,42,97,93,92,125,137,77
643,28,106,107,141,29,124,74,34,14
643,29,121,3,13,103,87,138,132,140
643,30,57,46,53,41,72,120,59,123
643,31,85,125,3,124,138,19,113,10
643,32,37,42,128,44,5,108,93,138
643,33,106,39,40,104,48,63,16,129
643,34,83,98,80,40,13,42,47,39
643,35,127,101,19,99,58,113,65,81
643,36,58,103,116,9,35,48,107,96
643,37,14,68,109,27,16,126,91,66
643,38,40,84,134,9,10,87,125,68
643,39,86,60,28,7,115,67,141,105
643,40,2,133,98,126,46,124,20,68
643,41,33,68,11,28,76,23,124,118
643,42,107,8,102,32,97,119,136,98
643,43,64,49,120,103,125,70,13,82
643,44,68,17,61,135,24,67,142,143
644,3,81,34,24,13,38,71,19,37
644,4,103,20,135,37,88,115,126,106
644,5,91,117,123,29,72,89,70,133
644,6,113,67,135,26,92,106,34,134
644,7,99,140,57,46,53,3,75,124
644,8,63,16,109,5,8,10,51,132
644,9,103,87,93,136,125,141,98,59
644,10,47,111,39,100,65,99,89,4
644,11,78,104,91,29,75,49,121,59
644,12,102,67,37,98,118,59,100,71
644,13,36,6,70,52,15,10,54,86
644,14,97,138,124,72,25,32,24,22
644,15,11,32,134,87,25,91,43,9
644,16,20,6,112,59,33,85,71,14
644,17,0,56,51,6,67,43,34,138
644,18,86,31,78,132,106,122,75,139
644,19,79,59,77,119,37,94,140,71
644,20,105,101,135,1,121,12,100,45
644,21,113,14,42,92,63,77,39,48
644,22,125,115,37,78,28,12,117,81
644,23,47,117,91,24,58,6,133,18
644,24,69,61,52,2,33,111,41,59
644,25,74,45,51,112,125,106,40,65
644,26,115,78,122,111,67,118,143,0
644,27,100,25,104,71,56,96,65,77
644,28,38,31,106,1,124,48,136,91
644,29,121,25,76,0,103,87,65,140
644,30,51,71,46,142,44,67,41,57
644,31,42,19,94,3,85,10,143,4
644,32,57,37,88,128,42,137,138,27
644,33,72,39,48,20,78,8,16,71
644,34,112,98,43,45,129,67,33,47
644,35,44,124,66,143,116,136,21,88
644,36,89,48,27,39,132,113,140,6
644,37,83,95,40,136,9,69,114,73
644,38,62,67,89,70,41,18,54,69
644,39,115,39,107,71,89,0,130,101
644,40,2,68,44,125,43,76,65,59
644,41,63,28,44,33,61,141,86,128
644,42,107,8,102,75,34,41,2,1
644,43,74,95,66,129,120,123,70,9
644,44,139,70,68,45,115,49,25,36
645,3,125,39,85,80,41,118,83,54
645,4,34,122,5,132,30,106,9,18
645,5,56,26,102,142,139,60,89,36
645,6,95,37,71,107,90,86,128,8
645,7,136,17,36,104,18,130,46,137
645,8,10,54,34,75,62,67,101,130
645,9,4,15,115,128,16,135,36,143
645,10,122,124,48,69,96,126,79,30
645,11,85,67,22,100,7,124,33,121
645,12,70,115,107,117,101,95,140,96
645,13,100,71,21,62,69,89,17,94
645,14,63,53,52,13,0,72,82,113
645,15,55,41,27,19,94,76,64,129
645,16,15,37,106,13,43,116,30,27
645,17,126,81,67,56,23,22,12,121
645,18,106,58,125,0,115,31,73,88
645,19,10,83,63,70,78,8,20,131
645,20,49,90,4,109,102,103,105,1
645,21,120,14,77,54,89,13,20,9
645,22,130,117,20,44,125,128,103,6
645,23,49,24,105,133,117,33,103,98
645,24,15,69,33,61,134,97,82,65
645,25,74,61,21,42,22,5,45,88
645,26,98,115,66,116,1,97,7,82
645,27,79,25,100,32,77,127,104,93
645,28,141,119,106,31,34,134,124,120
645,29,121,0,116,76,52,103,140,75
645,30,44,142,57,46,104,41,59,124
645,31,42,85,23,113,36,19,143,94
645,32,42,70,32,123,37,109,82,88
645,33,56,129,39,106,63,71,23,38
645,34,112,100,129,67,83,70,40,107
645,35,97,66,124,19,127,110,21,102
645,36,116,27,48,104,65,132,12,111
645,37,70,68,135,50,23,95,109,15
645,38,62,40,134,9,143,20,29,30
645,39,82,84,105,60,49,86,71,89
645,40,2,115,68,49,124,48,6,113
645,41,79,27,33,90,74,64,136,44
645,42,38,81,89,107,8,22,102,1
645,43,74,86,66,132,13,69,54,114
645,44,127,136,119,90,89,49,137,45
646,3,52,136,83,90,62,63,24,143
646,4,129,86,59,21,135,33,56,87
646,5,18,55,6,27,58,54,139,76
646,6,93,110,44,90,142,87,39,73
646,7,42,82,64,73,36,17,108,130
646,8,141,54,10,56,0,15,61,24
646,9,15,13,4,12,88,27,47,58
646,10,122,48,14,40,3,74,63,90
646,11,67,124,43,30,121,29,123,115
646,12,70,115,117,68,114,101,110,65
646,13,21,71,124,69,77,62,56,90
646,14,90,63,0,72,52,122,117,53
646,15,19,72,14,52,94,63,135,41
646,16,95,8,19,15,13,63,90,67
646,17,81,126,56,39,42,21,19,36
646,18,106,58,46,130,31,20,72,125
646,19,10,11,48,77,142,128,32,34
646,20,74,65,137,12,102,17,50,122
646,21,77,54,88,115,116,3,120,141
646,22,19,117,29,70,44,137,138,46
646,23,72,117,140,112,134,33,137,44
646,24,69,97,12,15,14,6,18,22
646,25,74,42,35,116,78,115,18,5
646,26,98,115,66,118,7,27,97,78
646,27,79,42,100,76,25,97,103,131
646,28,106,29,124,0,107,119,120,134
646,29,121,103,3,140,0,29,48,75
646,30,44,104,57,41,142,72,46,96
646,31,19,125,85,143,101,1,80,39
646,32,66,42,4,70,2,87,59,138
646,33,106,39,129,56,63,16,41,71
646,34,112,100,98,42,47,40,68,107
646,35,127,19,66,124,140,67,97,101
646,36,116,48,27,63,58,9,35,14
646,37,70,15,109,10,135,115,14,16
646,38,62,29,40,54,143,20,9,32
646,39,82,7,105,86,84,71,60,39
646,40,2,115,49,68,98,62,48,26
646,41,90,98,68,33,2,112,79,28
646,42,107,89,8,81,1,34,102,57
646,43,74,13,114,9,109,65,139,27
646,44,5,119,117,137,50,122,79,31
647,3,72,59,95,80,141,136,2,109
647,4,73,80,25,93,13,38,126,134
647,5,30,9,117,54,70,72,125,99
647,6,16,51,66,92,37,130,42,95
647,7,118,108,117,66,139,24,57,101
647,8,93,63,17,112,68,22,114,121
647,9,52,131,140,56,69,36,130,104
647,10,83,13,51,57,56,102,49,69
647,11,1,101,132,67,121,26,8,16
647,12,108,37,70,85,52,127,131,84
647,13,86,60,70,10,6,71,15,125
647,14,73,138,55,72,5,124,76,0
647,15,117,32,20,48,127,68,59,11
647,16,27,132,47,46,137,83,112,87
647,17,0,74,141,38,140,40,138,6
647,18,107,31,73,106,86,122,114,70
647,19,78,85,37,71,140,129,100,77
647,20,127,101,135,67,109,12,90,58
647,21,9,63,1,110,120,39,129,116
647,22,125,78,34,106,46,142,98,19
647,23,54,72,41,6,98,133,140,60
647,24,22,69,50,99,32,95,140,46
647,25,88,38,74,109,139,18,16,136
647,26,91,97,79,7,135,72,27,118
647,27,79,42,131,92,137,27,77,93
647,28,29,106,86,67,126,107,124,69
647,29,121,3,48,29,103,87,140,13
647,30,57,21,46,41,120,3,72,96
647,31,125,85,80,74,101,70,19,39
647,32,66,2,12,4,138,42,125,29
647,33,106,39,46,16,42,129,63,104
647,34,98,83,40,42,80,47,13,104
647,35,127,19,101,97,99,124,62,21
647,36,58,116,103,9,35,14,15,110
647,37,14,115,43,109,68,135,23,16
647,38,40,68,87,9,12,29,20,101
647,39,86,60,7,28,105,71,34,141
647,40,2,133,98,90,105,55,106,46
647,41,33,68,112,50,11,90,6,76
647,42,107,8,1,26,14,34,32,7
647,43,49,64,111,109,9,125,116,11
647,44,24,107,79,135,13,38,141,122
648,3,81,71,13,63,24,94,19,40
648,4,103,20,73,135,88,80,37,115
648,5,91,117,123,72,127,13,51,35
648,6,113,67,135,42,89,92,20,106
648,7,99,124,53,57,0,3,101,118
648,8,63,16,137,93,109,51,25,7
648,9,103,87,93,140,52,37,23,136
648,10,47,111,100,65,83,93,134,89
648,11,78,91,1,104,125,57,132,138
648,12,102,67,37,100,42,118,98,127
648,13,36,70,6,5,86,44,26,125
648,14,97,138,124,73,3,25,32,63
648,15,11,134,32,25,117,87,43,45
648,16,20,6,47,137,27,106,83,59
648,17,56,118,24,0,51,11,6,34
648,18,86,106,78,122,130,20,44,132
648,19,10,77,119,79,128,62,71,142
648,20,12,65,135,105,143,79,137,0
648,21,77,63,20,116,141,115,120,72
648,22,125,78,59,35,29,115,37,28
648,23,47,4,91,117,112,137,6,78
648,24,69,52,120,59,122,22,143,25
648,25,74,116,39,42,68,88,22,76
648,26,115,98,127,97,118,143,78,109
648,27,79,42,119,13,70,40,49,65
648,28,107,106,141,56,87,48,139,114
648,29,121,13,25,87,16,26,132,62
648,30,71,46,53,96,57,112,110,136
648,31,30,138,85,32,53,3,19,80
648,32,93,37,76,57,142,128,32,33
648,33,16,40,137,5,97,23,90,32
648,34,98,11,40,107,117,43,36,67
648,35,97,101,124,75,128,116,126,62
648,36,48,82,60,103,124,14,35,143
648,37,43,91,27,129,37,77,115,138
648,38,62,40,142,55,20,9,112,41
648,39,60,39,71,7,0,26,90,79
648,40,44,68,137,6,91,98,113,80
648,41,63,33,44,50,112,71,109,73
648,42,107,14,34,8,78,80,121,13
648,43,74,9,95,109,90,123,120,66
648,44,139,70,25,38,107,85,141,8
